CustomerID,Age,MonthlySpend,Tenure,SupportCalls,PlanType,SubscriptionType,MonthlyCharges,Churn
1,35,77.91860121562635,18,0,Two year,free,998.8498402934175,Yes
2,46,53.040104639148105,32,0,Two year,premium,1049.3232560071906,No
3,52,87.8852095270022,38,3,One year,super,970.9043706792552,Yes
4,44,80.08461919275852,23,2,Month-to-month,free,946.0874167214824,No
5,49,56.71115735677109,17,3,Month-to-month,super,1166.1264249192386,Yes
6,36,112.17485053890857,44,4,Two year,mobile,1155.957608188324,Yes
7,28,136.32002510201116,6,4,Month-to-month,free,800.0463533003035,Yes
8,53,102.68220607851882,10,2,One year,mobile,1088.521071722546,No
9,32,38.64570457173955,30,2,Month-to-month,premium,863.5458883785703,Yes
10,53,126.06486462150478,55,2,Two year,premium,1248.5205043293677,No
11,69,65.98965498899153,7,2,Month-to-month,super,1132.2924710253337,Yes
12,60,118.062865466691,11,4,Two year,premium,729.2440553212175,Yes
13,49,115.20781080715928,24,0,Two year,super,785.120651713912,No
14,69,140.5749886816285,34,0,Month-to-month,mobile,1182.0274955905438,No
15,23,94.69163688923658,25,4,Two year,premium,802.8238609201767,Yes
16,65,101.1672128858227,9,4,Two year,mobile,935.6109726596858,No
17,47,124.53622057617456,28,0,Two year,premium,827.2208665098402,No
18,67,85.99146017212844,4,3,One year,super,965.0527311861372,No
19,24,112.5952220419163,45,1,Two year,free,869.1584799248624,Yes
20,40,161.2209677031858,7,1,One year,super,847.5920279645453,No
21,45,111.41522994686265,30,4,Month-to-month,free,987.8509378878697,Yes
22,55,78.10088305148574,57,4,One year,premium,1022.5176772713946,Yes
23,58,96.45886757488267,42,0,One year,mobile,850.1609515870183,No
24,30,79.37967920271751,8,3,One year,free,1187.6140676212829,Yes
25,47,64.07874180121323,42,0,Month-to-month,premium,884.0059895584671,Yes
26,24,75.05697903122743,38,2,Two year,super,1146.9996043459462,Yes
27,49,82.06363696523681,26,1,One year,premium,866.0902603113718,Yes
28,19,132.04390478352178,44,3,Two year,mobile,816.6823979232452,No
29,43,70.81856194290278,16,2,One year,mobile,1132.604264002749,No
30,20,134.40009910790008,39,3,Two year,mobile,978.572565671859,No
31,35,152.54674857398305,8,0,One year,free,668.0539709672662,No
32,49,142.03250265176126,24,0,Month-to-month,free,878.0293830567164,No
33,56,41.11821273439463,3,4,Two year,free,1005.6755402554852,Yes
34,43,65.29231505453015,41,4,Two year,super,1289.7884783237487,Yes
35,55,53.33601078492732,38,1,One year,super,1081.2039675241929,No
36,32,98.37760227785525,28,4,Month-to-month,premium,1060.1640791323382,Yes
37,26,100.98505765447784,34,0,Month-to-month,premium,1096.5447550288875,No
38,42,81.68067082424183,9,2,Month-to-month,super,1028.2389835655056,Yes
39,67,144.59746272765662,30,1,Two year,mobile,959.878886160871,No
40,46,97.62760710685977,8,4,Two year,free,937.8239675462054,Yes
41,23,76.78224733207388,44,2,Two year,free,1152.1756717284193,Yes
42,63,111.09731221101778,21,0,Month-to-month,mobile,980.7187459054314,Yes
43,69,60.97720845392459,35,3,Month-to-month,super,1184.1635101271595,Yes
44,33,115.56311446671788,53,3,Two year,mobile,1091.3642253738335,Yes
45,41,120.82011093979926,17,4,Month-to-month,super,1366.6413374646552,Yes
46,35,94.81817681165552,14,4,One year,premium,1067.5761964912729,Yes
47,44,123.07315474141592,22,3,Month-to-month,mobile,902.033797098896,Yes
48,64,68.38182750950678,16,4,One year,mobile,1022.0666741641955,No
49,45,82.96081885907432,6,1,Month-to-month,mobile,1156.374104826785,Yes
50,58,101.61136979549586,49,4,Month-to-month,free,1118.3917847330524,Yes
51,49,107.3611996809839,50,3,One year,super,944.028743394681,Yes
52,24,136.05842179442837,48,3,Two year,super,1535.7673360085196,Yes
53,33,72.29544418348195,49,4,Month-to-month,mobile,1143.6513977665586,Yes
54,69,91.55965234559747,45,2,Month-to-month,premium,879.7341883206154,No
55,69,130.1791506394644,39,2,Two year,super,854.6904143310609,No
56,66,75.65460578313028,9,1,Two year,super,873.5620732934365,Yes
57,22,107.8290509910243,52,2,Two year,super,997.1102245063191,No
58,40,120.97375992579572,17,0,Two year,mobile,871.2787161075428,Yes
59,34,162.32231445911182,55,2,One year,premium,1019.7406550319289,No
60,34,104.8042551799783,34,4,One year,premium,1145.8045479410102,Yes
61,61,111.98853503775985,14,4,Two year,free,1042.3972004413872,Yes
62,31,152.52492165889453,25,2,Month-to-month,free,1003.0729368869931,No
63,34,118.75435374434777,47,4,One year,free,641.5912631804293,Yes
64,20,65.97742643649542,48,2,Two year,free,858.7692432837232,No
65,26,113.03228749441612,37,1,Month-to-month,free,817.2448107504391,Yes
66,30,127.29138866905173,37,3,Month-to-month,super,1095.2864959512679,No
67,39,135.55502394150426,59,2,One year,mobile,1036.616134434546,No
68,35,138.06470035973277,36,2,Two year,mobile,901.4104733369884,No
69,51,88.25619436007446,51,2,One year,free,948.6263289428089,No
70,58,82.25693270930466,54,2,Two year,mobile,840.5498162438603,Yes
71,30,106.75382020398455,20,4,Two year,super,947.072870947971,No
72,21,167.26225911173415,21,2,One year,mobile,838.3938386869012,No
73,68,50.98363695578925,55,0,Two year,mobile,1053.665297225717,Yes
74,32,77.39481596490815,18,3,Month-to-month,mobile,916.9472720265017,Yes
75,21,136.48225325613822,3,0,Two year,mobile,1086.631984146291,No
76,57,98.48077760632107,49,3,Two year,super,1115.014835487081,No
77,48,69.58188643345409,56,3,Month-to-month,free,1132.4825246090277,Yes
78,34,46.564320193209134,54,4,Two year,mobile,1119.963955476614,No
79,27,92.83300126735855,30,0,Two year,super,1164.4561708435372,Yes
80,55,81.04995493333683,44,1,One year,premium,888.9630555618709,No
81,22,130.80901969301902,57,4,Month-to-month,super,1030.0239952782242,No
82,66,112.7282699329094,6,4,One year,mobile,1013.3591849316158,No
83,29,128.62728502310105,1,4,One year,mobile,942.8359548245311,Yes
84,39,72.30346650295137,39,2,Month-to-month,super,1313.639748171192,Yes
85,55,56.312812076086395,1,4,Two year,super,1095.6343265494143,No
86,56,81.1009698963838,57,4,Two year,free,1325.1795032860284,No
87,44,84.21562570205772,34,3,One year,premium,1003.8490781506089,Yes
88,55,119.59215982308311,47,1,Two year,premium,1040.1089427316895,Yes
89,66,120.59691629824866,34,2,Two year,mobile,931.1261043220554,Yes
90,19,123.14922544476991,52,2,Two year,mobile,914.2512627342318,Yes
91,65,181.483958008556,39,0,Two year,mobile,1213.8841794166626,Yes
92,59,136.62094600158957,6,1,Month-to-month,premium,1050.397791432698,Yes
93,68,98.93236232674934,44,1,One year,premium,1027.3496472264574,No
94,29,101.91086781554206,18,0,One year,free,919.9523666007304,No
95,31,28.25343626089412,33,0,One year,free,696.9807594353312,No
96,64,96.88279344050841,25,3,One year,premium,807.9572276349019,No
97,46,136.2080811911025,2,4,Month-to-month,super,1207.4829784692408,Yes
98,52,153.82753186092478,29,2,One year,super,1084.3656494339198,Yes
99,28,151.47723803759695,3,3,Two year,mobile,980.4258918687339,No
100,32,100.9048518044099,56,4,Month-to-month,mobile,865.3042621753895,No
101,65,88.14088694300133,41,3,One year,super,947.4684583794378,No
102,28,95.37847156722371,44,4,Two year,mobile,894.2039499735209,No
103,41,134.63789063671217,9,2,Two year,free,1010.4418759401258,Yes
104,33,68.45523536955895,29,3,Two year,free,1075.8238077074743,Yes
105,49,41.5291006534852,40,1,Two year,mobile,1050.3431763472668,Yes
106,69,106.50139198838372,18,0,One year,mobile,966.0934787478889,No
107,51,120.28860376836077,5,1,One year,free,941.8214078355172,No
108,63,99.86412466934783,11,4,One year,mobile,973.3166593653586,No
109,51,107.49189951574557,7,1,Two year,super,907.707000328695,Yes
110,41,108.07605377551428,39,4,One year,premium,1067.6344277542994,Yes
111,38,120.19153915827152,17,2,Two year,mobile,1040.8931793726922,No
112,31,144.98482427871033,39,3,One year,mobile,1011.7290304034742,No
113,42,81.1669385584101,45,2,Month-to-month,mobile,1194.3530874107755,Yes
114,50,97.5245005045656,3,2,Two year,mobile,927.2686082705943,No
115,52,118.9253248457487,48,0,Month-to-month,super,1208.2115544270196,Yes
116,35,74.67067514048007,56,4,Two year,super,858.6678987549187,No
117,33,117.18681679610566,25,0,Two year,mobile,1074.1583137144448,No
118,39,99.09778975921297,1,4,One year,super,1255.744742243351,Yes
119,18,133.2434728728355,50,0,Month-to-month,mobile,969.2552053241003,No
120,68,123.21595330725287,37,2,Month-to-month,premium,862.2293644076992,Yes
121,30,83.51169088018288,21,2,Two year,free,869.7709903460443,Yes
122,26,144.04963881761134,1,3,Two year,mobile,1026.1971595907662,No
123,61,104.95275170897703,41,1,Two year,free,1101.6755491600802,No
124,35,91.98057929192899,21,0,Two year,free,800.1419546322516,No
125,23,92.94971341899998,41,0,Two year,free,802.6949504862268,No
126,61,126.44864843317366,22,0,Two year,free,881.7682329478762,No
127,56,96.4934189109691,1,2,One year,free,920.8415636498397,Yes
128,63,66.52878824725641,37,4,Month-to-month,super,1265.5241027067054,Yes
129,35,80.25224912597737,39,0,One year,mobile,1033.8689206519978,Yes
130,46,91.97360056409232,57,4,Two year,premium,831.8980598571973,Yes
131,53,71.64739271555479,16,1,Month-to-month,super,908.2283613727276,Yes
132,21,88.94620369470984,35,3,Two year,free,885.8055879367425,Yes
133,27,73.09022148477054,20,2,One year,premium,930.4640250561653,No
134,34,132.54505151573295,20,1,Two year,super,905.8780155677279,Yes
135,46,105.79860391195534,58,2,Month-to-month,super,823.8057611246745,No
136,56,102.8914347547224,38,3,Month-to-month,super,1038.718831231882,No
137,34,127.45371362797398,58,4,One year,super,732.6643416200001,Yes
138,26,74.81284505699064,46,3,One year,mobile,996.6699282108386,No
139,61,93.67046385736867,55,2,Two year,premium,938.206151433162,No
140,25,70.56051761711676,1,2,Month-to-month,free,1047.8391262949583,No
141,39,69.38365874305421,17,1,Month-to-month,mobile,1087.343200771552,No
142,67,65.74980891098531,30,4,One year,free,952.5554532426165,Yes
143,25,140.64259592296358,13,3,One year,premium,1059.5852773094102,No
144,64,104.68357864052159,46,4,One year,premium,781.0194034832828,Yes
145,65,128.5368125762313,40,0,Month-to-month,super,1210.0066258093184,Yes
146,49,125.18152871236353,15,0,Month-to-month,super,939.419491651671,No
147,25,86.30563755042233,30,1,One year,super,803.1168010869698,Yes
148,67,109.45786803455026,6,4,Two year,super,1119.899009417509,No
149,29,92.89943659999643,17,1,One year,premium,1093.1461872572295,Yes
150,22,102.10723933764886,26,2,Two year,super,851.0708944870023,No
151,37,73.54004090324526,14,2,Two year,mobile,700.7512947718515,Yes
152,37,88.56824803040263,33,1,One year,premium,1200.350759454734,Yes
153,46,91.20513391074901,26,2,Month-to-month,premium,906.2415180715689,No
154,39,161.41849322615033,7,2,Two year,free,858.9306905264391,No
155,52,81.02581941243298,4,1,Two year,premium,911.1030704207442,No
156,61,122.19791428267158,24,4,Month-to-month,mobile,1106.7138017615353,No
157,66,99.25754414382183,41,0,Month-to-month,free,965.9698651733908,No
158,20,111.4957419310094,58,2,One year,super,1144.6253465021255,No
159,32,76.90419068109743,29,4,Month-to-month,premium,1004.9297361997296,Yes
160,64,128.75129710677425,15,4,Month-to-month,premium,920.6356602376807,No
161,29,144.29174723727635,12,3,One year,super,1236.7536351561018,No
162,39,71.63938362946742,44,0,Two year,super,1097.881199758102,Yes
163,33,110.24160914978435,36,0,Month-to-month,mobile,833.8891292791891,Yes
164,39,125.55860959942808,20,1,One year,free,1180.0976208438603,No
165,68,85.23831087419119,39,3,Two year,premium,836.8841805083538,Yes
166,58,98.04253229897851,54,4,Two year,free,1200.6736338981566,No
167,31,120.08271389295662,19,0,Month-to-month,free,1003.9419821660073,No
168,31,128.50025913841327,54,4,One year,super,1047.727594458448,Yes
169,28,76.75912270964972,35,1,Month-to-month,super,1018.8426366905123,Yes
170,18,96.89757437480912,37,4,One year,premium,1016.8774761281531,No
171,38,96.62367401871111,33,0,One year,super,1045.9643079886218,Yes
172,65,149.69714181526263,45,1,Month-to-month,premium,1066.6472044135612,No
173,25,95.03275280181523,5,1,Month-to-month,mobile,1030.0588895247236,Yes
174,35,146.10950993234655,17,2,Two year,mobile,1349.4214543908922,Yes
175,30,62.10411597511792,56,0,Month-to-month,super,813.0846338570301,Yes
176,41,95.72257858816559,49,1,Month-to-month,premium,1121.7045348397817,Yes
177,30,106.27189357501342,54,3,Two year,free,944.1170950889741,Yes
178,40,152.6807813251047,55,0,Month-to-month,mobile,980.7838230811719,Yes
179,32,82.79531913715684,48,2,One year,premium,888.8717517265849,No
180,47,122.80149866371166,24,2,One year,free,776.0433439862545,No
181,54,56.36822110421597,10,1,One year,premium,1040.0388162377644,Yes
182,35,84.99138016168985,12,0,One year,free,907.9103491812738,Yes
183,57,93.86719489581046,14,3,Month-to-month,mobile,966.1202879089747,Yes
184,24,107.36303201013513,39,0,Month-to-month,mobile,1108.3423306138948,Yes
185,58,114.51323973901748,55,3,Month-to-month,free,782.9086267436089,Yes
186,55,141.5108504419186,56,2,One year,free,1098.6348648048358,No
187,44,153.12064031119854,4,4,One year,mobile,1143.2909462592272,No
188,36,62.33981631212599,9,3,Two year,mobile,1010.1115081697233,Yes
189,25,20.82811301460889,26,4,Month-to-month,super,870.9127406087177,Yes
190,44,122.04079309039541,8,3,Month-to-month,free,761.7629411163091,Yes
191,24,127.06017329729346,58,1,Two year,premium,971.2535404555802,Yes
192,53,70.49601777087595,52,2,Two year,super,940.9246953098043,No
193,20,73.70000765564876,27,1,One year,premium,956.5199784251303,No
194,30,118.8193482985621,25,2,One year,mobile,965.2648711817822,Yes
195,53,113.98481839875683,0,1,Month-to-month,super,1190.9337356782164,Yes
196,25,109.56140028035718,8,1,Month-to-month,premium,1266.3743508069833,Yes
197,53,75.44301682096815,47,4,Two year,free,1124.0376935569877,No
198,59,96.66136436104645,23,1,Two year,premium,1201.0438560985217,Yes
199,39,140.75093972984493,2,2,Two year,super,843.2259948151848,No
200,63,94.5916935256359,36,4,One year,super,1012.4574978307649,Yes
201,34,70.35356589306386,33,3,Month-to-month,free,808.6457331519052,Yes
202,57,108.37454825545349,22,4,One year,free,858.9489685139689,No
203,42,74.2550758100635,54,0,One year,free,931.8036151474256,Yes
204,53,43.237931888175076,50,2,Month-to-month,super,1002.8243546244341,Yes
205,37,96.28429732568107,29,4,One year,super,958.2793283099563,Yes
206,66,124.37987869702694,32,1,Month-to-month,premium,1145.2809526394192,No
207,66,58.077214874277786,19,4,Two year,free,816.49234776934,No
208,52,65.64454807109334,6,1,Month-to-month,super,986.4440240692396,No
209,36,106.56345248112015,57,0,One year,super,954.2129194947431,No
210,46,96.72362350455433,51,3,Month-to-month,mobile,1024.4156305059553,No
211,44,118.93378260376845,24,3,Month-to-month,super,824.0575447639345,No
212,57,131.78373139319956,56,2,Month-to-month,super,1032.053966793304,Yes
213,66,82.37892797837483,55,0,Month-to-month,premium,995.0677327373303,Yes
214,27,128.94878778444024,31,2,Two year,premium,1041.7861792280448,No
215,38,113.7584028200303,1,3,Month-to-month,free,1183.618998659719,Yes
216,43,79.04020026851975,47,2,Two year,free,915.3711931876994,No
217,55,121.1124275775177,18,3,Month-to-month,mobile,986.2229718074196,No
218,36,83.12433347513084,14,2,One year,super,1117.3663704212984,Yes
219,62,134.499337056531,43,0,One year,mobile,663.3664531865849,No
220,69,111.02703148543532,38,1,Month-to-month,premium,937.6400369485889,Yes
221,66,79.76821868642725,11,1,Two year,free,976.551429246901,Yes
222,60,148.61424832792102,18,4,Month-to-month,super,1099.9298590782148,No
223,67,143.1033825067906,55,3,Month-to-month,premium,720.0485390228348,Yes
224,64,147.99128253735944,56,4,Two year,premium,1371.1016363491667,Yes
225,48,134.16851346497492,53,4,One year,super,1182.7751916640784,No
226,63,90.08385879436837,45,0,One year,super,998.0759330546177,No
227,47,146.57176407925544,31,1,One year,free,1044.0007642906592,No
228,48,75.89394548515207,33,4,Two year,mobile,791.419664865833,Yes
229,33,114.49449534568707,19,1,One year,premium,1148.364861619398,No
230,31,103.09546316135143,43,4,Two year,premium,958.8769151355148,Yes
231,35,146.05689777596345,44,1,One year,super,896.6658821323863,Yes
232,19,125.03681177469703,30,4,Month-to-month,premium,1046.5892289970395,No
233,18,126.73972415068002,6,0,Two year,premium,1124.9490311152979,No
234,33,112.37947318344179,28,1,Two year,mobile,1213.7429863387438,Yes
235,56,103.77538279796995,41,4,Two year,super,943.7781834365135,Yes
236,24,104.7168868651556,18,0,Two year,premium,1177.4430953869044,Yes
237,63,128.00408449793184,25,4,Month-to-month,premium,1113.138359781729,Yes
238,53,117.8724884507736,45,3,Two year,mobile,798.0451982329031,No
239,47,50.624076735175215,47,3,One year,premium,838.1675449505171,Yes
240,29,69.06992836483093,2,3,One year,mobile,1079.6787175168195,No
241,66,36.33955270065093,19,1,One year,mobile,947.8309745127519,Yes
242,37,128.67034119701526,47,1,One year,free,877.6825333176721,Yes
243,37,92.33937808118208,1,3,Two year,mobile,932.8135819748054,Yes
244,26,94.18871256221901,48,4,Two year,mobile,984.0891432385804,No
245,59,136.97161923434834,36,3,One year,premium,692.6139874462528,No
246,20,135.38414724192188,15,2,Month-to-month,mobile,1061.6968639369657,No
247,39,80.47703048545608,23,3,One year,super,1323.2190995892274,Yes
248,53,91.99429483647563,22,1,Month-to-month,free,1047.9691327644375,Yes
249,52,100.51186125122409,19,1,Month-to-month,mobile,1052.1787054608747,No
250,37,113.34115687102492,12,3,Two year,mobile,1053.0999277859937,Yes
251,33,58.29493212908535,48,2,One year,super,1076.2635140069942,Yes
252,67,35.222859255694985,24,2,Two year,premium,1179.5550378387425,Yes
253,27,146.3801962269531,56,1,Month-to-month,mobile,1104.8246881438572,No
254,60,52.03010583824854,34,4,Two year,mobile,1085.4816133603645,Yes
255,38,65.23285383806154,26,0,Two year,free,1062.1292927365434,Yes
256,67,114.0450092718238,38,3,Month-to-month,free,933.8145267402958,Yes
257,62,115.25917971689931,49,1,Two year,super,975.9552826466644,No
258,38,114.55092358948002,58,3,One year,super,1203.8275065364528,No
259,33,126.8321126914185,21,2,One year,premium,999.1491773182929,No
260,39,134.99874136059498,56,3,Month-to-month,premium,1201.2533271490336,No
261,65,142.69944917836392,37,2,Two year,premium,1255.1885876168994,Yes
262,25,146.67198670888934,34,2,Month-to-month,premium,796.2396116494659,No
263,24,121.23784520075534,3,0,Month-to-month,super,802.515197049152,Yes
264,66,104.4684095179725,51,3,Month-to-month,premium,913.6431947666451,No
265,29,127.47466369266668,10,4,Two year,free,951.8367090500705,No
266,63,109.73942794636476,30,0,Month-to-month,free,1030.1958485343398,No
267,56,112.2401046585077,43,1,One year,free,1188.0218091584375,No
268,25,86.20074476325179,53,4,Two year,free,928.78009047144,Yes
269,23,137.60647181347065,52,4,Month-to-month,super,1188.9703898570347,Yes
270,56,69.00797948313084,28,0,One year,mobile,1060.439592664087,No
271,44,132.00514824222992,40,4,Month-to-month,super,1163.5861915363384,Yes
272,69,127.91313726677316,29,2,Month-to-month,free,1114.9733733145686,No
273,62,93.22399982795599,41,2,One year,super,1088.8889047098573,No
274,31,45.041244077132795,53,3,Two year,mobile,992.8884317499555,No
275,32,114.28268013702287,1,1,One year,super,1114.6337757277481,Yes
276,61,62.779155493294795,13,3,Month-to-month,free,1110.273236264577,Yes
277,64,83.96723957628983,2,2,One year,mobile,1056.4105329022254,Yes
278,53,70.06818056020995,39,1,Two year,free,909.5086021135849,No
279,62,108.90273429140325,1,3,Month-to-month,mobile,1065.9045809886036,Yes
280,22,143.79742546838003,15,0,Month-to-month,mobile,776.5904617724037,No
281,57,135.5647532575485,49,0,Two year,super,1216.0998673182248,Yes
282,47,144.3293313597869,54,4,Month-to-month,super,951.0692085769078,No
283,41,102.3014290593423,42,2,Two year,premium,1001.801385480579,Yes
284,66,107.66905210995702,56,2,One year,premium,1171.505054759395,Yes
285,18,91.04487901805017,8,3,One year,premium,1042.4814417778762,Yes
286,35,157.49512417111356,47,0,One year,premium,873.5341476904409,No
287,60,113.80223475936978,33,4,Month-to-month,premium,785.9843923432975,No
288,36,146.39365172993638,15,4,One year,super,837.0333589408905,Yes
289,34,122.07219144254633,47,4,One year,super,876.9946910067171,Yes
290,44,106.2150889008014,22,0,Month-to-month,mobile,583.692223823256,No
291,24,132.5238376003345,18,3,One year,mobile,1204.292909551933,Yes
292,51,93.03053439857851,39,4,Month-to-month,mobile,856.404348606736,Yes
293,65,89.38815738401786,0,4,Two year,free,949.7642783074259,Yes
294,31,74.88976836541646,47,3,Two year,free,948.9651560606624,No
295,47,125.04033875201166,1,4,Two year,free,1124.314927785392,No
296,25,86.34454991483771,14,3,One year,premium,627.2103149214416,Yes
297,59,71.42299500064213,56,4,Two year,super,841.9897013466824,Yes
298,41,97.53806862151708,20,2,Month-to-month,free,944.9511770798078,Yes
299,25,162.94391296556046,14,4,Month-to-month,super,958.1181336074005,Yes
300,69,83.0002105936289,2,4,Month-to-month,free,795.0589183005815,Yes
301,44,83.1983727778524,13,3,One year,mobile,1005.5275927788496,Yes
302,57,167.11684239698934,18,3,One year,free,837.5958631644623,No
303,35,85.9755600658055,23,2,One year,premium,1259.8401370344275,Yes
304,19,114.30856149630085,4,3,One year,premium,1068.7760768544356,Yes
305,65,155.7655020541667,18,3,Month-to-month,mobile,1266.8414533224905,No
306,26,135.44233211679278,14,4,Month-to-month,premium,1177.284335601257,No
307,38,124.7689403203164,10,4,Two year,free,1141.6480898971763,Yes
308,45,84.70258435950483,39,4,Two year,super,876.2700534390437,No
309,46,123.72163762263764,7,4,Two year,free,1069.8085639194464,Yes
310,50,89.18965856571597,57,2,Month-to-month,free,866.1956345053009,No
311,56,93.10229152479037,41,0,Two year,super,913.7417856141744,No
312,55,107.79333996320243,35,0,Two year,premium,957.3119078070637,Yes
313,58,127.0806185380657,17,1,Two year,premium,849.6176982991027,Yes
314,38,123.65083158340803,8,4,Month-to-month,free,1079.2472340533006,No
315,19,106.64232062563184,39,2,Month-to-month,free,734.8180820167427,No
316,21,80.61806524616688,41,0,Month-to-month,free,860.9793484283286,Yes
317,64,109.32370981163055,30,1,Two year,mobile,1041.4159351333458,Yes
318,64,131.59285495831455,21,0,Two year,free,1026.756972211421,Yes
319,34,30.12551650813336,8,3,Two year,super,770.3130505289346,Yes
320,57,156.26063518397265,31,1,One year,super,1169.2772041964813,No
321,27,121.25854333050101,20,2,One year,premium,932.6897522304001,Yes
322,45,107.67917985934082,50,2,Month-to-month,mobile,1036.4354674927877,No
323,28,139.88909077271606,35,3,One year,premium,946.1878651395789,Yes
324,30,138.04845450287618,27,2,Month-to-month,free,818.4463286010572,Yes
325,69,118.69821043881407,27,4,One year,free,1109.9334490261324,Yes
326,57,80.82198577846555,40,4,Month-to-month,free,1069.284106885046,No
327,19,83.2500300113549,57,3,One year,premium,936.9170726915654,Yes
328,41,109.01005852425185,19,0,Month-to-month,super,957.8615815837474,No
329,34,63.682255095851644,5,0,Month-to-month,free,892.763098659247,Yes
330,46,129.26370988771615,59,0,Two year,super,793.5151677207652,No
331,50,119.52900058902927,49,4,Two year,premium,796.6870264905878,No
332,29,108.32318332258652,38,3,Two year,mobile,1142.9012192404653,Yes
333,54,112.81230627570388,4,4,Month-to-month,free,1281.8645428739242,Yes
334,55,140.16579163422588,59,2,Month-to-month,premium,1000.3191913227638,No
335,33,71.86199746359163,54,1,Month-to-month,premium,1182.6436155402475,Yes
336,39,89.30478192773649,20,0,One year,mobile,1220.0120681642516,No
337,69,77.80951910823332,59,3,Two year,premium,957.2964030792696,No
338,58,100.10250259958721,34,1,Two year,premium,996.7088107763252,No
339,59,98.0405064057663,14,2,One year,super,995.4403893482606,Yes
340,35,83.83448591056285,33,0,Two year,super,880.9037460645908,No
341,24,122.78045608212003,0,3,One year,premium,653.8340514789927,No
342,34,128.04099156238436,32,4,Month-to-month,free,1125.3540530436453,No
343,61,123.04733407435168,50,1,Two year,mobile,1185.2724832286303,No
344,34,84.66305407681878,59,1,Two year,super,1096.3029428506961,Yes
345,49,111.02422907577453,40,0,One year,free,1155.7134805849064,Yes
346,68,106.63312319019381,13,1,One year,super,993.9741043686275,Yes
347,40,98.22965677543797,40,0,One year,premium,694.6589718026536,Yes
348,66,88.3752896431653,32,2,Month-to-month,premium,1141.9165458970126,No
349,22,99.03662883299641,52,2,One year,premium,791.5045216037272,No
350,43,61.81158723754898,41,0,Month-to-month,mobile,1077.472206648455,No
351,49,96.0378107782872,22,4,Month-to-month,premium,939.1036071473428,No
352,62,119.59902333215778,17,3,Two year,super,885.8330551501643,Yes
353,30,96.97434261362125,28,4,One year,free,649.918216702255,Yes
354,37,102.55153422920888,34,3,One year,free,930.9008243216933,No
355,42,70.3895018347828,18,0,One year,mobile,828.1509761946306,Yes
356,65,154.21024191052467,17,4,Two year,super,891.0491650227316,Yes
357,47,91.29844344781397,1,0,Two year,super,1222.8097116098106,Yes
358,33,98.55165902493886,38,4,One year,mobile,1258.8458207559638,No
359,45,143.828401613801,20,2,Two year,premium,948.7491900776821,Yes
360,40,90.70890941896461,32,0,Month-to-month,free,1047.3693280299256,No
361,20,115.17532114384018,41,3,Month-to-month,premium,882.5543954094674,No
362,21,147.21283611720511,20,4,Two year,free,1109.5178145447258,No
363,53,122.20745909803733,17,3,Two year,mobile,1007.1791466738703,No
364,57,105.5558822948885,49,1,Two year,free,1042.2981669678802,No
365,32,156.55418069685544,36,2,Two year,mobile,1180.9923466709802,Yes
366,69,125.0963427340337,39,0,One year,super,859.3357655099397,No
367,22,142.59360126841548,58,3,Month-to-month,mobile,1182.0561496782525,No
368,67,79.9871397109236,21,2,Two year,free,905.7844915376921,No
369,22,138.6717810858304,40,4,Month-to-month,super,1167.978195685413,No
370,69,54.344272330882134,11,0,Two year,free,780.7434532972951,No
371,44,121.98345480285171,15,3,One year,super,1018.0330321338225,No
372,39,85.25153345350823,43,4,Two year,premium,1130.2114539873785,Yes
373,22,125.4619449069025,17,3,Month-to-month,free,1031.651939705459,No
374,28,92.91900810654398,36,3,Two year,super,1230.048234304231,Yes
375,47,91.41790117656055,11,1,Two year,super,942.4604814519564,No
376,57,55.09111428746672,45,0,Month-to-month,super,678.214826099937,Yes
377,56,114.32302762619213,12,4,One year,premium,1125.4719741455933,No
378,65,111.00416866928346,33,4,One year,free,899.7435112163568,Yes
379,23,125.34758173940128,31,3,Month-to-month,super,666.2647749842772,Yes
380,48,124.07284382182522,42,4,Month-to-month,free,926.0912975694315,Yes
381,61,123.3269703163678,29,1,Two year,super,887.1864204457204,Yes
382,25,107.68224230361248,9,2,One year,mobile,1227.2169738488353,No
383,61,79.13178148659524,25,4,One year,premium,1016.8770345424492,No
384,31,111.9759005707578,43,3,One year,super,783.5849172497716,Yes
385,60,119.36656197648753,6,4,Two year,premium,1232.0644680173425,Yes
386,49,130.80732473217506,21,4,One year,free,932.643773349946,Yes
387,58,77.88258291542193,51,1,Two year,super,952.2658475492581,Yes
388,32,143.9540746523928,51,1,Two year,mobile,982.9863486992258,No
389,60,119.55334483602519,44,3,One year,premium,940.0972871053146,Yes
390,52,118.98131126444518,27,1,Month-to-month,free,1327.0550953571292,Yes
391,57,93.04339041765746,22,1,Two year,super,994.1202951344364,No
392,57,93.1830482263264,43,1,Month-to-month,mobile,923.3955510730284,No
393,52,66.79678370641463,35,3,Month-to-month,mobile,885.8980759671078,Yes
394,67,73.4989646394573,11,0,Month-to-month,free,718.2691958144201,Yes
395,24,81.71940881816757,47,4,Two year,free,1112.4259258870786,No
396,52,113.57134626453,55,4,Month-to-month,mobile,1177.5277922791277,No
397,44,64.3750498983818,33,3,One year,premium,781.7735542651242,Yes
398,64,116.19909832746154,8,1,One year,super,973.8506842359852,Yes
399,41,139.26490581203828,50,4,Two year,super,1059.4485330364812,No
400,28,91.34539555892673,47,1,Two year,super,952.9669870864404,No
401,44,106.58725630609847,35,1,Two year,super,1196.5825951282088,Yes
402,24,127.4703692086047,38,2,Month-to-month,mobile,946.4477613542755,Yes
403,24,75.04330514616971,46,2,Month-to-month,free,1085.8659532353631,No
404,43,158.59185979993876,1,4,One year,free,1053.3917434498012,Yes
405,65,78.67994340067895,10,0,One year,free,937.2783134721824,No
406,23,37.988450624353824,43,1,Month-to-month,super,1026.3759545069306,No
407,67,92.67391460913753,20,3,One year,super,805.9870664198992,Yes
408,19,127.74346392009564,25,2,Two year,free,1175.7590371158717,No
409,67,97.44665223854877,27,2,One year,mobile,784.2433483910568,No
410,31,129.15447921517202,4,3,One year,free,1137.0533817730231,Yes
411,48,63.6425318669076,45,2,Month-to-month,premium,1174.9197770886112,Yes
412,44,71.99617589690943,38,3,One year,super,1131.4238008551906,Yes
413,39,63.662716159935556,59,3,One year,free,847.6235938664479,Yes
414,26,167.5775144037416,20,0,One year,super,794.5947245917228,No
415,54,129.5735754465357,8,4,One year,mobile,1124.487266158695,Yes
416,53,163.05109545300212,2,4,One year,super,830.4892234118026,Yes
417,27,133.29244151500671,39,3,Two year,mobile,909.0605838320511,No
418,53,105.14179343859071,47,2,Two year,premium,1026.4092284569442,Yes
419,27,54.12652090858706,37,3,Two year,mobile,1358.355837420639,No
420,57,118.78350537705862,20,0,Month-to-month,free,1229.6588400529843,Yes
421,28,98.99073272591235,43,3,Month-to-month,premium,956.2846388577216,Yes
422,68,95.95562767074,34,1,Month-to-month,premium,903.320252881155,Yes
423,56,93.33372144443517,32,2,Month-to-month,super,1114.7111605442215,No
424,65,98.527033538454,21,0,Two year,premium,943.3048555342741,No
425,57,115.61119864969619,20,2,One year,super,820.4159701730889,Yes
426,57,127.63413577189132,50,2,Two year,premium,1157.421019243197,Yes
427,63,79.55640279831375,46,1,Two year,super,880.2611950711411,Yes
428,53,80.38661833827378,38,0,Two year,mobile,1361.1514096178294,No
429,22,50.134400323887164,51,3,Two year,mobile,1093.4269527208633,Yes
430,20,91.94829243824326,33,1,One year,super,947.7555696636558,No
431,34,117.69892239507998,55,3,One year,free,991.8147401566821,No
432,44,108.6100249400582,26,3,Month-to-month,premium,945.2265512200086,Yes
433,35,121.08123082282542,48,2,Month-to-month,free,1172.5202456561237,No
434,52,77.32108132541359,8,3,Two year,mobile,954.3431706781557,Yes
435,26,97.18585317323353,54,2,One year,super,982.2801242867711,Yes
436,44,103.6115003962024,21,2,One year,free,857.5426863552626,No
437,18,89.47927572211175,48,2,One year,premium,933.7795811411659,No
438,32,136.46994112519437,25,1,Two year,mobile,1009.239861981613,Yes
439,66,74.73618622516186,19,0,Two year,free,905.9018530212134,Yes
440,26,98.46336381174842,55,3,Month-to-month,super,1070.660824111976,Yes
441,40,45.84673022816832,20,4,One year,premium,1071.710414410957,No
442,49,93.32213787948966,2,2,Two year,mobile,803.204459765943,No
443,44,116.03706180087153,9,1,Month-to-month,free,942.4405724548274,Yes
444,44,103.04906210404758,34,4,Month-to-month,mobile,856.9841454921715,Yes
445,51,110.36682097781691,45,2,One year,free,826.5555874035725,No
446,69,168.4671950255228,18,0,Two year,free,1097.7086700880495,Yes
447,63,144.19604996880796,57,1,Two year,mobile,1144.438205842674,No
448,27,86.79342478008876,35,1,Month-to-month,premium,994.3111111519886,Yes
449,35,77.17206091238334,18,0,Month-to-month,free,1295.4171804927046,No
450,38,80.94568257373207,54,0,Two year,free,714.1521213573811,Yes
451,44,77.40651554463618,52,3,One year,mobile,917.8222396723548,Yes
452,22,113.12484492872059,9,3,Two year,mobile,890.097872476233,Yes
453,66,71.21630619929684,21,2,Month-to-month,premium,937.2059160769855,Yes
454,65,165.3234996846751,42,1,Two year,premium,1088.00021539267,No
455,21,114.62816413406298,9,0,One year,premium,915.3394107320701,No
456,47,46.66429575001637,50,0,Two year,premium,919.5332640916349,No
457,60,78.12537975339121,19,1,One year,super,1190.1478271949948,No
458,18,77.48379957037716,13,3,One year,mobile,1002.6995144005969,No
459,31,61.287209224587265,59,2,Two year,mobile,874.9607110891509,No
460,47,112.78679584350385,3,0,Two year,super,1267.8521135003953,No
461,46,137.64884847328858,49,3,Two year,super,1076.5525935769192,Yes
462,62,75.05969254191491,40,0,One year,mobile,1077.1402062257382,Yes
463,43,83.17846835242176,24,1,Month-to-month,mobile,1050.1113601292457,No
464,40,36.77530353249442,1,4,Month-to-month,premium,868.2262536100914,Yes
465,56,138.0272694162587,14,4,Two year,mobile,664.5053708682337,Yes
466,45,99.0292396060285,33,2,One year,free,964.7077497903701,Yes
467,20,102.26610989604762,5,4,Month-to-month,super,970.0486236551849,Yes
468,43,63.572285086586774,29,3,Two year,super,1186.7045903194703,No
469,47,100.50402296518229,32,2,Month-to-month,super,1132.430530517694,Yes
470,41,110.4254410313964,14,1,One year,mobile,955.684058805259,No
471,49,139.2146510459787,29,1,One year,free,1120.4156659579273,Yes
472,67,124.91727697921455,25,4,One year,premium,1202.270328773794,Yes
473,19,58.46622910854269,24,3,One year,super,950.7806246724258,No
474,41,126.95270734221026,27,1,One year,premium,1131.5641166592402,Yes
475,40,125.72964928355913,57,4,One year,super,920.0608007794716,Yes
476,25,99.73686877579564,31,3,Two year,premium,956.9867558692391,No
477,18,125.84785700619447,42,4,One year,free,1012.2371451979682,Yes
478,31,100.59807535422826,53,0,Month-to-month,mobile,974.5569872347681,Yes
479,19,62.14327487209695,28,2,Two year,free,960.1183022950484,No
480,51,103.71045873227303,31,1,Month-to-month,premium,1142.168070767599,No
481,36,103.00264891646688,32,0,One year,free,1127.9247338287937,No
482,36,52.42893574809999,36,0,One year,free,1294.0876643111858,No
483,58,125.21317080929757,8,3,One year,mobile,1042.0255525539417,Yes
484,65,51.68053561471041,58,0,One year,free,1009.9448256084953,No
485,47,113.11700030567813,29,2,Month-to-month,premium,1063.6032657948779,No
486,20,138.59153308473748,51,4,Month-to-month,mobile,933.5998107680186,No
487,26,84.84458336564197,40,3,One year,premium,912.2486692226239,No
488,42,97.02166664708245,44,4,One year,mobile,1093.1248958795634,Yes
489,63,74.82803607162171,54,2,Month-to-month,free,966.0075832878056,Yes
490,25,87.99316419220746,7,0,Month-to-month,mobile,1107.8976209197117,Yes
491,43,95.96444938557683,9,4,One year,mobile,986.6275513068899,Yes
492,26,114.24727078267433,30,2,One year,premium,1276.985899490605,No
493,69,91.5825629990454,15,1,One year,super,1274.3638086731876,No
494,65,74.86408851059332,35,0,Two year,free,996.9615203277042,Yes
495,65,110.85201481753805,33,1,One year,mobile,945.1378909568679,Yes
496,29,129.99738703097316,52,2,Two year,super,1249.3496728599064,No
497,64,88.80857406172957,10,0,One year,free,880.303205651343,Yes
498,23,31.862559303203213,43,4,Two year,super,907.8312678153735,Yes
499,31,59.69612206729579,57,4,One year,mobile,989.1039612545999,No
500,24,102.56232678867714,37,4,Two year,free,1063.4236895906938,Yes
501,69,113.1780946945722,49,4,Month-to-month,mobile,882.8800675553266,Yes
502,55,141.44255614266754,53,0,Two year,mobile,870.701301773546,Yes
503,49,76.34131886386749,48,3,Two year,free,1023.071829354358,Yes
504,50,95.50181315815624,25,3,Two year,premium,1059.9227390564383,No
505,35,95.69341434553401,44,1,One year,premium,1091.5858422178935,No
506,24,88.63567627779811,11,0,Two year,free,1034.6260851567,No
507,23,116.39983194062776,50,3,One year,mobile,792.7300868144666,Yes
508,24,132.654421987737,16,2,Two year,super,944.2224257941126,No
509,43,125.94471157171935,46,0,Two year,free,920.199987444194,Yes
510,54,106.69506952305284,23,3,One year,free,880.7042401968523,Yes
511,49,109.11495380950278,57,0,Month-to-month,premium,1212.423028595771,No
512,29,75.42791196001022,56,0,Month-to-month,mobile,853.6224688845757,No
513,63,93.80040128780584,51,0,Month-to-month,premium,915.694945051802,No
514,39,108.62937881971959,14,1,Month-to-month,free,971.9139805663893,Yes
515,43,151.9902827591745,17,2,One year,super,887.6381923780201,Yes
516,30,111.9874037447724,27,3,Month-to-month,free,923.3490123205889,No
517,34,83.62062683320752,0,1,One year,super,1040.2194423228989,Yes
518,66,64.41388441336798,3,1,Month-to-month,mobile,800.658370176174,Yes
519,20,94.0518175052107,55,1,Two year,premium,894.1827649552419,Yes
520,35,67.79829550802015,4,1,One year,mobile,1050.3260877413352,Yes
521,68,142.95176575682598,49,4,One year,premium,1074.783815085304,No
522,40,118.18527304256386,22,3,Two year,super,964.1209818075941,No
523,52,114.55144390823666,31,0,Two year,premium,855.7245505902323,No
524,40,128.01258262477396,37,2,Month-to-month,mobile,1074.9236135682695,Yes
525,59,109.8221407093173,50,1,Two year,premium,706.5837020002587,Yes
526,60,86.01136867103854,50,3,One year,mobile,872.9966639034574,No
527,55,70.39979868518323,11,3,Month-to-month,free,910.9907115957664,No
528,39,105.49942890453826,26,2,Month-to-month,free,1079.4731153737443,Yes
529,23,98.33608216660214,10,4,One year,premium,1251.1672484643598,Yes
530,59,91.70001831156782,7,2,Month-to-month,mobile,1000.697898791087,No
531,22,105.30955803204203,50,4,Two year,super,1054.7140461278377,Yes
532,62,43.63082146506561,57,2,One year,mobile,1221.2238154598615,No
533,61,53.370121923563474,45,4,One year,mobile,1013.6067221471828,Yes
534,25,98.61876759800815,39,4,Month-to-month,premium,829.1957607998072,No
535,37,76.76624882216248,22,4,Month-to-month,premium,834.3351753403415,Yes
536,18,47.906601010306346,26,0,Two year,super,1037.4307633799192,Yes
537,53,114.00135655774297,31,3,Two year,premium,996.5140598425274,No
538,22,143.12042461749567,26,1,Month-to-month,free,647.9421933340088,No
539,44,76.60195938584135,25,1,Month-to-month,mobile,1046.6194405200215,No
540,67,125.27988929257796,52,0,Month-to-month,super,1033.6480499540166,Yes
541,63,111.60212279474041,10,0,One year,premium,1193.815774328066,Yes
542,69,119.70735374744757,50,2,Two year,free,1034.958831661751,Yes
543,39,101.00233622911924,7,0,Month-to-month,mobile,1045.3466395606752,Yes
544,24,107.900537093685,39,0,One year,premium,1218.3523452006984,Yes
545,58,107.81160526591292,20,4,One year,super,901.0207825380069,No
546,51,135.49807048114687,22,3,Two year,super,1128.2456035995758,Yes
547,50,76.36943838392075,0,3,Month-to-month,mobile,1289.9395244343555,Yes
548,18,84.9208066167104,6,1,Month-to-month,free,1137.240151002451,No
549,51,118.29331753732217,30,4,One year,premium,919.4051955861954,Yes
550,49,94.76224351312193,14,2,Month-to-month,mobile,1033.0349025625278,No
551,54,72.89949774020216,6,0,One year,free,989.9226028234267,No
552,54,137.33868470660155,20,0,Month-to-month,free,776.7989020928478,Yes
553,33,89.57542762149613,24,3,Month-to-month,premium,946.8040279301805,No
554,28,79.72803390532974,4,2,Two year,super,911.4060376349132,Yes
555,42,71.3110486452728,47,0,Two year,mobile,1226.1079593504421,Yes
556,19,118.34365854355389,54,1,Month-to-month,mobile,799.5464261340414,No
557,34,111.98800270425922,9,1,Month-to-month,premium,1073.1220319394188,Yes
558,20,105.78065535518624,15,1,Month-to-month,super,1275.1469779676422,Yes
559,57,67.33261457883188,17,3,One year,free,1215.3244330342288,No
560,40,115.12519794354466,59,2,Two year,mobile,1137.4186026750656,Yes
561,66,27.50489774079074,0,4,Two year,free,986.535243406621,No
562,56,70.0811629629758,23,1,One year,free,989.2823967771443,No
563,25,14.57391788463795,2,2,Month-to-month,super,803.9544363756153,Yes
564,23,68.15834123788869,2,3,One year,super,978.6551598090283,Yes
565,67,168.05282825010408,0,1,Month-to-month,free,1036.2582305905212,No
566,51,90.14761928474496,23,2,One year,mobile,1094.073220615517,No
567,51,92.39554943006814,44,0,Two year,free,1116.0259936527248,No
568,39,90.36178970282916,1,1,Two year,super,928.738986173674,Yes
569,18,78.18757749914874,23,2,One year,free,988.5287744124456,Yes
570,66,123.85314766963545,13,4,Two year,super,965.5832492249949,No
571,25,81.0913952429079,9,4,One year,premium,788.512417364244,Yes
572,63,80.7443666348295,34,4,Two year,super,1107.298130306087,Yes
573,57,96.96454037192717,46,3,Two year,super,790.3464045275757,No
574,60,75.97111553995217,41,4,Month-to-month,free,1112.0653546904332,No
575,59,80.35328339395835,47,3,Month-to-month,super,855.86299229359,No
576,19,38.56258632550063,55,4,One year,super,1221.4354744695904,No
577,54,30.82062495035366,56,4,One year,premium,1054.637661291957,Yes
578,52,98.63129398586369,4,1,One year,free,900.8767294296321,Yes
579,65,137.1636346669208,52,1,One year,free,926.3133156971173,No
580,27,95.77886115351228,29,4,One year,premium,1072.273122415771,Yes
581,66,120.61279378590893,29,1,Two year,mobile,929.9293614165134,Yes
582,54,91.29176493354622,31,4,Month-to-month,free,1295.4452541637772,Yes
583,27,130.33514110933586,59,4,Month-to-month,mobile,861.8717148505939,Yes
584,51,75.20857559608127,5,4,Two year,super,1092.9556550253783,No
585,45,127.73346730397984,51,2,One year,super,1048.971894269139,No
586,58,118.69336700802843,57,3,Month-to-month,mobile,988.4184662814534,Yes
587,44,109.41136747155032,42,2,Two year,free,722.4089689006263,Yes
588,36,79.3684089515906,19,3,Month-to-month,free,867.4316889958335,Yes
589,57,126.53240867002296,22,3,Two year,premium,1112.192744249877,Yes
590,53,120.41867875203492,45,1,Two year,mobile,807.5385473842556,Yes
591,50,118.67405071091746,9,1,Month-to-month,super,1350.5498283381755,No
592,66,96.96349399283652,45,1,Month-to-month,mobile,1124.8742022591405,No
593,33,82.22557481172674,56,1,One year,free,1142.2875004500115,No
594,45,77.22878988278819,58,3,Two year,premium,912.9944687829487,Yes
595,53,83.68777711351233,53,2,Two year,free,903.0970140909973,Yes
596,69,94.31271201815514,10,0,Month-to-month,super,1059.5808042813267,No
597,58,108.7968562761624,17,2,One year,premium,1065.6500703123659,No
598,38,134.94915675317685,32,1,Month-to-month,premium,1057.4056557201695,Yes
599,52,95.35538216112738,52,1,Two year,super,1224.3267688942453,Yes
600,68,74.60073007279814,32,0,Month-to-month,premium,948.19096298138,Yes
601,49,61.64652986589739,29,4,Month-to-month,mobile,826.1456152514588,Yes
602,59,141.1332123357513,47,0,Two year,free,1119.4257690265229,No
603,25,60.231337864986706,11,1,Month-to-month,free,933.9173155147619,No
604,28,76.32886385722321,11,4,Two year,free,1064.4202362888461,No
605,36,99.7675950129513,20,1,Two year,free,872.2064882065537,Yes
606,41,119.27963478656777,57,1,Two year,mobile,886.0398505897181,No
607,47,58.017481007019576,17,0,Month-to-month,mobile,1122.3675700523777,No
608,24,104.06572312877822,40,1,Month-to-month,mobile,1229.301369743088,No
609,59,113.71101739114326,56,2,Two year,free,1067.0889288610156,Yes
610,49,138.71025473698384,45,1,Two year,mobile,940.517681878936,No
611,69,159.55546485345326,28,0,Two year,free,1067.8065466767646,No
612,50,109.95143688505475,24,4,Two year,mobile,895.6581853251306,No
613,65,116.883454636962,27,0,One year,premium,1134.0416317910276,Yes
614,56,21.84718852838401,20,1,One year,super,858.7527940281756,No
615,57,111.48349982803664,1,4,One year,mobile,1048.6745877602127,Yes
616,50,137.77676096830913,12,2,Month-to-month,premium,1334.0927657178897,Yes
617,38,89.07598222937995,49,1,Two year,premium,958.8092463868045,No
618,25,79.31660330966696,36,4,Month-to-month,super,1091.2072498067519,Yes
619,62,127.17760573075938,58,2,One year,super,919.2375180742779,Yes
620,49,106.37250367968937,14,2,Two year,premium,1047.1898538549103,Yes
621,51,137.3458768698294,54,1,Month-to-month,premium,780.6695548547465,Yes
622,54,157.65516465705412,35,3,Two year,super,1250.0079646456384,Yes
623,53,57.419995878319,53,1,One year,super,809.5430664081272,Yes
624,44,102.90811834399429,21,1,One year,super,1084.0703932404174,Yes
625,46,66.62192804330289,12,1,Two year,mobile,807.5250100734065,Yes
626,29,59.24140387918843,57,1,Month-to-month,premium,1109.3417208486978,No
627,25,99.62455250503862,35,2,Month-to-month,mobile,912.9864324805664,No
628,27,99.36610741504734,53,4,Two year,free,995.1728213292341,No
629,55,149.96116336070028,15,4,One year,free,980.9459705215637,No
630,66,120.54700142043524,11,3,One year,mobile,1021.5289679545715,No
631,49,108.98095608588653,54,4,Month-to-month,premium,892.4989284098757,Yes
632,30,122.52550783092553,49,3,One year,free,1033.3380135073417,Yes
633,30,59.770303894127544,26,1,One year,mobile,1005.2922690253105,Yes
634,52,143.4443629906768,54,3,Two year,super,940.8470564946547,No
635,30,122.4295373495714,8,3,Two year,free,756.6315343931944,No
636,26,99.08685464463308,31,1,Two year,super,842.3596870247088,Yes
637,59,157.7548655520951,52,2,Month-to-month,premium,1043.5983542085453,No
638,24,125.35576647116625,45,2,Two year,super,805.2875728057716,Yes
639,61,106.01347312715347,55,3,One year,premium,988.9538822271596,Yes
640,64,121.0885978184871,14,3,Month-to-month,free,1026.4400846262565,No
641,67,83.44604776807347,43,3,Two year,free,961.9299920740553,No
642,43,63.56884276936071,1,1,One year,super,1178.5802558920116,Yes
643,63,94.08716658193529,59,0,Month-to-month,mobile,1276.6352629761739,No
644,37,117.41864956495313,5,4,Month-to-month,free,990.6954545951501,No
645,55,102.14769834009138,21,1,One year,free,984.834700663647,No
646,53,110.02583944355491,12,3,Two year,super,1062.3435626122125,Yes
647,30,132.19862210911606,25,0,Month-to-month,super,1151.9755846632202,No
648,26,118.00251437870588,15,3,One year,premium,988.345392149215,Yes
649,45,67.25497380947078,56,2,Month-to-month,premium,1076.710827671276,Yes
650,36,139.63525536583802,22,3,One year,premium,955.2841836136236,Yes
651,61,67.1309863515576,35,1,One year,super,1153.9868986554166,No
652,62,83.20856390628666,8,1,One year,free,824.6057268469871,No
653,60,107.41671789022197,14,2,One year,premium,853.525156719618,No
654,21,155.26287686825998,30,1,Month-to-month,premium,917.1892586979748,No
655,30,118.13567548849375,59,1,Two year,free,1000.5995097087816,Yes
656,29,83.07460225742014,33,0,One year,free,1103.4345750771486,Yes
657,68,100.5038711223505,58,4,Two year,mobile,902.8339165867977,Yes
658,57,63.04115226448362,31,3,One year,super,1111.5274638972535,Yes
659,54,93.69699291834439,47,1,Month-to-month,mobile,810.5905756218204,Yes
660,42,149.21633562247257,41,4,Month-to-month,super,859.5118655678541,No
661,55,103.97795881191234,42,4,Month-to-month,super,953.3198014051089,Yes
662,26,91.09663970673589,54,4,Two year,premium,958.668871331513,Yes
663,47,90.00067294373646,43,4,Two year,premium,1075.845810355351,No
664,24,83.145395256212,50,1,Two year,super,856.6513164241442,No
665,34,123.32193088538547,11,4,Month-to-month,free,1050.7496803088698,No
666,22,96.20182172504907,18,3,One year,premium,968.0893935131364,No
667,26,96.26077980662839,59,2,Two year,super,965.4173239285808,Yes
668,24,126.91495365283455,20,1,One year,mobile,727.7417337050916,No
669,47,86.4078578216734,27,3,Month-to-month,mobile,795.1797067277772,Yes
670,21,98.57488962471842,53,2,Two year,premium,1040.4740567788058,No
671,59,104.75545688462674,20,1,Month-to-month,mobile,905.2812669926698,Yes
672,24,108.39140722122086,57,0,Month-to-month,free,1038.961200474231,No
673,24,141.53500888458098,9,3,One year,super,950.2634424098688,No
674,32,116.43079457038834,20,0,One year,mobile,1155.837917407062,Yes
675,63,93.59725933347221,34,4,One year,premium,891.7504369073366,No
676,68,90.31284220688943,20,2,Two year,free,868.4477059722429,No
677,20,121.61912207741449,9,3,Two year,premium,842.0664299048208,Yes
678,49,55.40872398470756,5,1,One year,mobile,1105.3811756766042,No
679,22,101.23069190858082,37,4,One year,super,1041.073175450828,Yes
680,23,125.78609618036373,9,0,Two year,super,802.4337590105791,Yes
681,50,62.85258636371205,30,2,Month-to-month,premium,1288.9129672206145,Yes
682,29,100.80194560338778,0,3,One year,premium,857.5615153540384,No
683,26,200.19179026082065,37,1,One year,premium,1122.950144097875,Yes
684,38,53.60769557881534,19,0,Month-to-month,mobile,1188.712759998258,Yes
685,54,71.19990947106706,27,0,Two year,super,1159.9388038422871,Yes
686,42,125.72787213919909,58,3,Month-to-month,free,1146.5363501108204,No
687,19,117.30796486612809,17,0,One year,premium,1013.304460404462,No
688,34,100.31018611172,13,0,Month-to-month,premium,966.7543210034842,No
689,65,83.33682377260561,22,3,Month-to-month,mobile,1184.913098701923,Yes
690,28,107.16411827120857,7,1,Month-to-month,mobile,869.187176968434,No
691,64,96.03791664645428,58,1,Month-to-month,super,982.9824120429943,No
692,63,97.71257745954343,17,0,Month-to-month,mobile,981.5600999676946,No
693,64,115.30975573866696,40,4,Two year,premium,1031.0154758631004,Yes
694,38,137.60705553556417,24,1,Month-to-month,premium,1151.6767524472416,No
695,25,15.3714725654078,34,0,Two year,mobile,1074.821877670605,No
696,64,146.25557086737587,49,1,One year,premium,1032.2145660276187,No
697,53,117.47016074293924,13,1,One year,free,939.5460533603347,Yes
698,64,138.0671155110634,15,2,One year,premium,1130.6182245801347,Yes
699,64,153.9439222626679,40,3,One year,mobile,1070.233516834879,Yes
700,36,88.51815780905541,13,0,Month-to-month,mobile,945.6475245924037,Yes
701,54,123.24194574075554,39,2,Month-to-month,super,882.2793785095489,Yes
702,54,169.7179198287813,3,1,One year,super,764.3356998334405,Yes
703,43,80.76953714729838,52,4,One year,super,860.0269915469097,Yes
704,65,123.26156437578713,12,4,One year,premium,1059.7517578135191,No
705,59,108.77968950334224,3,0,Month-to-month,super,880.9570467505985,Yes
706,32,46.57202425320602,42,0,Month-to-month,super,1096.4702520010833,No
707,62,136.4328502360064,0,4,One year,premium,981.9665821039569,Yes
708,68,60.229706945697146,11,2,One year,free,853.222181210497,Yes
709,20,92.13975903511466,28,4,Two year,mobile,1045.9782459589067,Yes
710,51,72.19895117100619,20,3,Month-to-month,free,1165.1210115251538,Yes
711,67,114.47822580336474,30,1,Month-to-month,super,1108.477431956971,Yes
712,49,120.85749026681496,19,1,Two year,free,1188.3750699717918,Yes
713,27,88.08766350668483,10,0,Two year,premium,831.3999829608135,No
714,64,129.73292332618445,42,2,Two year,super,732.1212008850569,No
715,27,97.6310030145916,18,0,One year,premium,1027.2088773457658,No
716,37,142.53436104093734,27,4,One year,super,885.3160353931198,Yes
717,40,70.44706533792586,44,1,Two year,free,1056.5944114713795,No
718,62,102.16526356480719,7,2,One year,premium,1211.4247481767752,Yes
719,32,66.9613150677805,44,4,One year,premium,825.9593817698321,No
720,60,106.17320346261931,25,2,Month-to-month,premium,816.2800773768753,Yes
721,33,113.67022811605963,41,1,Month-to-month,super,905.2279045638209,Yes
722,31,124.31269395736899,25,3,Month-to-month,premium,971.3927873066393,Yes
723,48,123.60041685981896,48,4,Month-to-month,premium,866.4174705645111,Yes
724,43,127.78422992336735,1,4,Month-to-month,premium,860.1229993506934,Yes
725,18,104.47206502923449,50,4,Month-to-month,premium,1028.3462070793137,No
726,48,103.63131075734897,49,3,One year,premium,1092.1619392988425,No
727,25,80.1083467296579,55,3,Month-to-month,mobile,1003.8950187169474,No
728,54,87.35302582794714,16,3,Month-to-month,super,945.6643230373109,No
729,50,138.7261546607652,55,4,Month-to-month,mobile,873.0534295515566,No
730,44,70.75200373746661,47,4,Month-to-month,free,763.2043984316783,Yes
731,33,139.20169361303437,6,1,Two year,free,963.0145709025278,Yes
732,30,90.89344076192127,41,3,One year,super,887.6611594098455,Yes
733,46,63.698710940368386,47,3,One year,mobile,915.3369709591939,No
734,26,109.44739171292359,14,1,One year,free,939.7202852736862,No
735,69,64.14384705006911,54,3,Two year,free,1198.000305851594,No
736,38,59.67883242042279,45,4,One year,super,1048.4359832276266,No
737,61,94.26585372404087,59,4,Two year,mobile,1030.952334138436,No
738,43,100.22356096813459,28,4,Two year,super,1124.0045602503437,Yes
739,49,101.7681805067656,5,4,Two year,premium,850.0184924310021,Yes
740,29,145.2408472550807,39,3,Month-to-month,mobile,1010.1981754533688,Yes
741,30,90.79370265053628,42,1,Month-to-month,free,888.5444655233257,Yes
742,43,109.26327019024173,37,4,One year,super,954.3629184733768,Yes
743,57,105.39675438059967,20,2,Month-to-month,free,1001.2473295936272,No
744,48,116.7544695580761,12,2,One year,premium,1040.0686200695961,Yes
745,68,102.90623854697691,16,2,One year,free,1242.9685673207914,Yes
746,38,110.97760456182826,40,0,Two year,super,949.5972821922085,Yes
747,20,116.37315723667004,21,3,One year,premium,1030.9263846595352,Yes
748,39,91.02044752845771,35,3,One year,super,1166.180554050341,No
749,57,68.05004974356147,34,0,Two year,mobile,1118.6071586364203,No
750,51,147.71885729148534,36,4,Two year,free,1238.5875881380987,Yes
751,34,135.45098398348972,29,2,Month-to-month,free,1089.2470263700895,No
752,23,86.59024151354689,56,0,Two year,super,1043.782442856992,Yes
753,59,118.85173742906122,59,1,One year,free,928.4628765276101,No
754,33,91.89209705720275,26,3,One year,premium,868.0135305340235,Yes
755,38,83.9788360622807,51,0,Month-to-month,super,1054.7218765058492,No
756,61,100.19377759675233,51,4,Two year,mobile,1346.8999963116846,No
757,29,113.18252276999216,28,2,Month-to-month,mobile,996.3426432511507,Yes
758,29,102.81844256869991,8,0,One year,free,935.587157707236,Yes
759,62,111.70455049808228,31,4,Two year,free,786.355304149155,No
760,27,107.05604031036371,17,3,Two year,premium,831.9422587341794,No
761,23,54.02122978270131,46,2,Two year,premium,1219.114462221377,No
762,67,81.61598492143621,2,2,Month-to-month,super,1055.0691793705375,Yes
763,32,147.2368423484044,3,0,Two year,free,1176.5876092077322,No
764,24,81.25073552775739,22,4,Two year,mobile,848.4617500120827,Yes
765,65,131.87915063547766,36,3,Two year,premium,1295.126993239544,No
766,49,39.4202375279091,14,4,Two year,super,1091.0318977739776,No
767,48,76.63157199566216,55,3,Month-to-month,free,1237.5841106511816,No
768,57,147.17364565871964,11,4,Month-to-month,super,1011.1124909266025,No
769,50,108.29241159415027,38,4,Month-to-month,premium,856.2505944234872,No
770,68,101.86678483394817,43,1,One year,premium,985.3913606687992,Yes
771,29,102.05773446970755,44,0,Two year,free,1041.1619773263858,Yes
772,63,100.83486685312107,55,4,Month-to-month,super,875.9788684460882,Yes
773,46,38.259637690486265,20,1,Month-to-month,mobile,1113.674504385579,Yes
774,46,145.82876299043167,22,1,Two year,premium,1102.0224567376179,Yes
775,66,86.22921603894721,41,2,Two year,free,1212.028417006442,No
776,18,74.62618645899917,44,2,One year,premium,993.4848061688747,No
777,20,76.80137702155083,15,4,Month-to-month,mobile,882.1349798447206,Yes
778,35,67.47614437753168,11,4,Two year,super,1089.6325352410527,Yes
779,25,168.41255792050083,25,2,Two year,mobile,913.4128661879483,No
780,44,65.9413967777987,31,2,Two year,mobile,1047.2029303164115,No
781,18,53.71987800774209,40,4,One year,premium,1122.4079293536015,No
782,51,68.08039377575116,42,2,Month-to-month,mobile,1064.3251584885293,No
783,18,175.8293522809798,34,1,Month-to-month,free,945.5548220697817,Yes
784,52,135.91786015332616,23,2,Two year,super,1288.2583729821527,No
785,52,88.37638410270256,35,3,Two year,mobile,917.2015771827867,Yes
786,45,66.1917409067371,17,3,One year,mobile,989.4347697915247,Yes
787,38,89.83675463522837,19,0,One year,premium,966.2696268828818,Yes
788,67,125.48685061620986,34,4,One year,premium,928.2519240030138,Yes
789,29,51.77773160673086,40,1,Two year,super,736.1147728794547,Yes
790,44,130.0286206185261,4,2,Two year,mobile,960.4808419359081,No
791,50,71.46017391314138,38,1,Two year,free,1216.800892336182,Yes
792,36,83.50042847636085,1,3,Two year,free,1132.355042877713,No
793,33,150.50251051006438,36,0,Two year,mobile,1029.2551815057584,No
794,50,50.56317539365931,10,2,Two year,super,1132.695472818719,No
795,27,66.58191676052505,27,1,Month-to-month,premium,1144.2153781261434,Yes
796,65,149.34345765567784,12,0,One year,mobile,1104.8739946813039,No
797,51,117.82853952491931,5,4,Month-to-month,premium,1070.2125700056947,Yes
798,55,44.48252315230737,19,3,Two year,premium,1136.0176828157366,No
799,38,80.20991651908498,41,0,Two year,premium,1011.9967813934577,No
800,22,143.32297007248357,51,1,Month-to-month,mobile,925.5874086850195,Yes
801,49,120.28916869003505,11,3,Month-to-month,mobile,855.4765293688451,Yes
802,38,147.66710776487133,19,1,One year,free,832.2109760225869,Yes
803,42,142.39688389505224,26,3,Month-to-month,free,834.5434802742773,No
804,31,92.55346830813335,0,0,Month-to-month,super,937.049372217769,Yes
805,59,108.17379036758979,7,4,One year,free,805.73958279777,No
806,29,104.80659014981121,41,3,Two year,free,1024.8745518252233,Yes
807,69,149.00499285043813,25,4,Month-to-month,free,818.4914431517886,Yes
808,64,100.57529321115838,45,4,Month-to-month,premium,1057.6535142688017,Yes
809,49,175.27816569953703,59,0,Two year,free,774.0211828940305,Yes
810,49,96.40385445915257,56,4,Month-to-month,super,1112.988571413333,Yes
811,64,109.89684365301781,4,1,One year,free,917.7986335845583,Yes
812,47,105.04091386566671,33,4,Two year,premium,1011.4153061831616,No
813,69,81.9267768378196,56,1,One year,free,942.1506448603503,Yes
814,19,91.74634085534476,43,0,One year,super,1029.2120813551815,No
815,63,84.57028926279702,9,4,One year,super,978.4993394893565,Yes
816,36,118.90308676870143,23,1,Two year,super,1009.8909206433706,Yes
817,18,153.65843879256687,17,4,One year,super,931.6686116631079,No
818,23,149.2417366622893,6,4,Two year,super,790.7082211865993,No
819,64,109.19511579516086,21,3,One year,free,1178.6112865597897,Yes
820,44,142.11134143721267,56,0,Month-to-month,mobile,1243.6838651713963,No
821,32,123.05406352876582,55,0,One year,premium,1050.1867919461522,No
822,18,132.19742029614352,31,1,Month-to-month,mobile,854.2480986768534,Yes
823,65,109.33695553162545,1,2,Two year,free,1151.0154266350503,No
824,64,92.17334194044157,22,3,Month-to-month,free,914.1611209268098,Yes
825,27,102.47367898491599,53,3,One year,premium,1023.7945206742008,Yes
826,60,103.35119495417787,0,2,Month-to-month,mobile,937.4853831835037,Yes
827,47,58.13100012019872,30,2,Month-to-month,free,1089.2766496118343,No
828,68,112.54032521132781,9,1,One year,premium,1059.0341467481921,No
829,52,85.78563483827571,19,2,Month-to-month,premium,1014.3205604371283,No
830,66,73.92883540272936,51,0,Month-to-month,super,1146.8843463411438,Yes
831,57,138.98291889140285,21,2,One year,premium,1090.1134326791746,Yes
832,21,132.84589937398067,58,1,One year,free,971.2819417196112,Yes
833,46,134.8598793578941,12,2,Month-to-month,mobile,885.0609987141049,No
834,54,99.61587505523839,3,3,Two year,free,1025.5593366354087,Yes
835,20,37.18165793258613,58,4,Month-to-month,premium,1208.1669952294253,Yes
836,37,86.8634331975354,3,4,One year,super,902.1281199586615,No
837,54,69.46783516838946,2,4,Two year,free,975.4171949390428,Yes
838,31,99.51413774725471,16,0,One year,mobile,1081.3332454552005,Yes
839,31,88.88182763568108,6,0,Two year,mobile,1073.7333337871335,Yes
840,19,122.90016072361894,13,0,One year,free,1058.3902419782069,Yes
841,42,115.02913574592095,6,1,Month-to-month,premium,869.5235150821763,No
842,30,120.40790392263406,48,0,Month-to-month,super,999.7871298867898,No
843,62,96.46848157958473,39,1,One year,free,1276.585073135973,Yes
844,39,108.90213988723465,19,3,Two year,free,1114.9747654647813,Yes
845,32,85.67969354460072,26,0,Month-to-month,mobile,986.3047588146685,No
846,24,101.7485948188789,54,1,Two year,mobile,1072.233753235671,No
847,22,121.1933575908881,19,4,Month-to-month,super,1074.0677467361315,Yes
848,47,152.52128101885052,54,3,Two year,super,707.571475382146,Yes
849,48,102.18532327281868,1,2,Month-to-month,free,896.6169027414456,Yes
850,49,61.82262700299334,23,1,Two year,premium,992.1566517550079,No
851,66,191.77017607053492,1,0,Month-to-month,premium,1152.8274464177725,No
852,35,138.730551075678,59,4,Two year,premium,1149.840148280553,No
853,35,89.06691158934288,26,1,Two year,super,691.1296326669509,No
854,57,117.79788812095468,43,0,Two year,super,953.9864778511135,No
855,23,67.74557376122263,2,1,Month-to-month,premium,1025.4648104920766,Yes
856,67,128.00553623086483,54,4,Two year,mobile,867.0807284278482,No
857,53,72.86208471209241,41,4,Month-to-month,premium,863.0470501540342,No
858,21,50.88209005319151,46,2,Two year,free,881.7377187010004,No
859,65,134.0217703647152,37,1,Two year,super,1019.9595677336608,No
860,32,74.21042803779936,5,0,One year,super,920.9186724488359,No
861,35,148.7934917342622,17,2,Month-to-month,premium,733.6408810044643,No
862,24,132.19038848680376,41,0,Two year,free,964.8084027871886,Yes
863,30,55.635727748051195,24,3,One year,mobile,864.5006963056323,Yes
864,69,90.97629764857666,13,3,One year,free,996.4599878551319,No
865,29,67.04815868066083,46,4,One year,free,1336.073956779091,No
866,55,136.44714764810135,10,0,Month-to-month,mobile,902.9324731773613,Yes
867,20,88.76314576309957,31,4,Two year,mobile,892.9532685462435,Yes
868,43,63.42644418079752,39,3,Month-to-month,super,1081.937290695363,Yes
869,55,104.02310074539281,10,2,One year,free,934.2772537110005,Yes
870,47,70.95303202227052,32,0,One year,mobile,1162.931846010736,No
871,34,106.94419880715976,12,1,Month-to-month,super,1184.600567271578,No
872,23,138.20679492976524,24,0,Month-to-month,super,1112.1764389728842,No
873,49,104.53245719030893,3,3,Two year,mobile,1009.1728191489011,Yes
874,47,125.14000079070885,29,0,Two year,premium,987.3213863459176,No
875,23,112.76127541866705,57,3,Two year,premium,1073.8883192378964,No
876,61,57.441099748828194,32,0,One year,super,1128.2158600316125,Yes
877,18,103.16533547908442,12,0,Month-to-month,free,1111.5980707853985,No
878,25,88.50741692287471,36,4,One year,super,1178.3358351771099,Yes
879,54,57.70645840671484,16,4,Two year,mobile,816.5844474129171,Yes
880,68,59.0228744797464,57,4,One year,mobile,1063.686813299616,No
881,63,103.57262747728508,44,2,Month-to-month,free,1048.9217348703946,No
882,41,98.53144540234435,49,3,Two year,free,1408.0241727966973,No
883,56,96.95898821719115,37,1,Two year,super,1273.3260917690059,No
884,35,68.40080347298988,12,1,Two year,mobile,1203.6577075913494,Yes
885,35,48.84350785303606,18,3,Month-to-month,free,1101.1717954109604,No
886,42,81.91508196703329,17,0,Two year,super,889.434334035735,No
887,43,138.85174008124443,36,3,Month-to-month,free,858.9164186369242,No
888,18,124.34357803889523,59,3,One year,super,970.679913458835,Yes
889,21,105.00997264075804,26,3,One year,free,913.7274996312523,Yes
890,64,93.26228983825118,5,0,Two year,free,1102.7034492843454,Yes
891,51,88.08891173762478,50,2,One year,mobile,1130.4547172819798,Yes
892,37,97.32020052874941,13,3,Two year,mobile,888.0778390277857,Yes
893,23,73.10939206361948,34,2,Month-to-month,free,1013.2464331912337,No
894,25,76.2522782872258,3,0,Month-to-month,super,1033.1180868708889,Yes
895,24,128.00024918414118,59,4,Two year,premium,917.7577849637236,Yes
896,42,106.88295725243547,1,2,Two year,super,966.1766689386925,No
897,45,72.09887475036327,19,3,Two year,free,940.0821295109796,Yes
898,34,166.33455183639825,24,1,Month-to-month,super,1048.42588495237,No
899,61,123.86520681857624,15,4,Month-to-month,mobile,885.0391617666644,Yes
900,32,97.11484147659527,35,0,Two year,free,1162.2430933406072,No
901,28,78.21603218473557,30,0,Two year,premium,996.9776323881572,No
902,29,123.54415085336967,2,3,One year,mobile,1064.1317920152721,Yes
903,43,83.65502818587058,22,3,One year,premium,992.3160092236254,Yes
904,36,84.70806956167418,40,4,Two year,mobile,1227.257145771645,Yes
905,23,99.5661395145033,20,4,Month-to-month,mobile,922.2833747008237,Yes
906,38,73.14139605458689,23,0,Two year,premium,1080.4486900875988,No
907,39,102.2276897933952,0,1,One year,premium,992.2350496908168,No
908,23,128.1366405877586,48,3,Two year,premium,1013.4734503110326,No
909,19,146.70295079594743,2,4,One year,mobile,929.5857084434467,Yes
910,28,83.10916545391783,21,3,Month-to-month,premium,903.5530864738646,Yes
911,46,116.86195688004999,0,2,Two year,free,1096.255812707931,Yes
912,20,115.33939005855545,2,3,Two year,mobile,1011.3848559443524,No
913,39,75.61170717026884,40,1,Two year,mobile,959.919751062731,Yes
914,68,98.33489174564488,23,2,Month-to-month,free,868.3141566580682,No
915,38,107.45021953831346,32,3,Two year,free,981.9703753281591,No
916,18,71.94737622237541,42,1,One year,mobile,1024.5318335064685,No
917,58,110.61751760148448,41,1,Month-to-month,super,987.5766874940804,Yes
918,31,54.51468623932702,53,0,Two year,premium,831.0461772265514,Yes
919,18,129.1162643040487,9,1,Two year,free,816.3854866048622,Yes
920,30,92.87565518775591,11,4,Month-to-month,super,1123.1811647903671,No
921,59,118.61682105325102,7,4,Two year,super,946.2881406652634,No
922,62,156.3959016214688,39,2,Two year,free,1057.006440523643,No
923,19,79.24198776134604,35,4,Month-to-month,premium,1022.8796545251292,No
924,36,114.19363662198664,44,2,Two year,free,942.3036059083861,No
925,67,143.81225476365384,12,1,Two year,premium,1137.9603956093601,No
926,63,120.25424544801743,28,3,Two year,premium,804.0361082423202,Yes
927,66,62.560764484116405,2,0,Month-to-month,super,904.2415424328617,Yes
928,35,118.91778331448057,58,2,Two year,super,1036.7449793544101,Yes
929,19,130.62192981557672,14,0,Month-to-month,premium,929.4650308975973,No
930,41,75.59437088018079,47,3,Month-to-month,super,960.4704878689846,No
931,63,116.73006964975227,9,2,One year,super,1237.4057863169155,No
932,60,89.36794844906689,36,2,Two year,mobile,782.5640171600041,Yes
933,48,87.6032320196957,38,4,Two year,premium,926.0905357443295,Yes
934,37,86.61212160679179,54,3,One year,mobile,803.9283289173165,No
935,19,69.34865374158151,47,0,One year,premium,953.8348129905729,No
936,39,105.8881064021399,40,4,Month-to-month,premium,904.4937913802125,Yes
937,22,83.68812602846731,17,0,One year,free,1158.0981462214481,No
938,36,116.04859260785284,20,3,Month-to-month,free,758.1223320401405,No
939,56,123.04417073724679,5,4,Two year,premium,1191.514807972647,Yes
940,67,86.56159010228856,3,4,Month-to-month,premium,1091.4576759875397,No
941,58,121.58667839579545,3,0,Two year,free,1195.6359945322267,No
942,43,117.67857166543666,46,3,One year,free,1018.5304777786928,Yes
943,60,136.53257288951733,13,1,Two year,mobile,856.3706677655844,Yes
944,57,52.99188491083473,49,1,Two year,premium,898.9978845324247,No
945,59,52.775120828631685,48,1,Two year,premium,810.7378629628487,No
946,24,117.26384116660824,25,0,One year,mobile,1120.992486918906,No
947,63,160.78274344161193,20,0,Two year,free,890.892769957494,No
948,31,103.97824135315531,25,0,One year,super,936.646659704458,No
949,62,73.20713146804425,20,2,Two year,mobile,1249.7518874163768,Yes
950,59,79.78691766466733,52,3,Two year,free,1179.6414293170144,No
951,58,97.41087739785937,51,1,Two year,super,982.6270437955487,No
952,18,139.3614141910708,25,4,Two year,mobile,920.5409769489523,Yes
953,52,150.0676077445212,58,1,One year,free,803.9292294320851,Yes
954,28,94.65006382352647,19,3,One year,mobile,1009.0435228549602,Yes
955,19,69.46184324616956,23,1,Two year,super,1123.82180760634,No
956,67,142.4439789941273,59,4,One year,premium,939.7895610606805,No
957,25,115.73074769798723,1,3,Two year,super,855.8012449580252,No
958,45,93.83466939926997,59,1,One year,free,813.6756718807335,Yes
959,61,87.2415689419604,57,2,Two year,free,838.9449518499531,Yes
960,20,106.92416048753084,56,2,One year,mobile,1138.9833232314793,No
961,31,108.11136675392916,59,2,Month-to-month,premium,947.0509196337815,No
962,60,61.015619234847456,17,4,Month-to-month,premium,1017.9065443298525,No
963,69,78.65549629088484,21,1,Two year,free,833.0676666157268,No
964,65,146.745175416083,46,1,One year,mobile,1039.0592162043067,No
965,18,102.21592725694984,13,2,One year,mobile,1145.8445214958483,Yes
966,65,91.64803440800955,45,1,One year,super,1048.0420536801425,No
967,61,76.65266544509129,21,2,Two year,super,1261.290670525023,No
968,48,71.28513997607116,49,4,One year,mobile,1144.6338904802808,No
969,23,120.93022818431628,28,2,Two year,free,1026.722910648718,No
970,42,139.4479874876109,7,1,One year,super,813.8273783883579,Yes
971,56,80.0171134609192,17,0,Two year,super,751.5645140489223,Yes
972,49,87.75440320189496,45,0,Two year,super,856.0724715235522,Yes
973,60,75.39875904085754,39,3,One year,mobile,939.3129242025298,No
974,55,51.8186682289859,27,3,One year,mobile,984.2989374627225,No
975,20,83.5985679637935,9,4,Month-to-month,premium,824.999601882332,No
976,28,114.13286465430255,0,0,Month-to-month,free,981.2702242845329,No
977,57,115.31463679317166,58,0,One year,free,927.4919218806259,No
978,64,95.45576815368287,46,4,Month-to-month,super,1016.1700931911492,Yes
979,67,89.49050916378042,46,4,Two year,free,948.6852608429249,Yes
980,21,54.47542660717966,20,2,Month-to-month,super,772.6223764414043,No
981,48,147.3152835011118,3,0,One year,super,1064.7045426576865,No
982,52,104.46963126539522,2,4,One year,mobile,1044.2069724399266,No
983,27,94.24865486265433,8,2,Month-to-month,mobile,1030.6341531771964,Yes
984,44,115.07431348044528,39,0,One year,super,905.2621154957837,Yes
985,34,77.03074647449043,8,3,One year,mobile,1053.1458990191181,No
986,21,97.38598792114894,37,2,Two year,free,1025.3780724036715,Yes
987,52,53.57511591239847,53,2,One year,super,1031.436729901586,No
988,42,71.4596796328722,59,1,One year,super,939.3315696799343,Yes
989,19,73.87626503233297,21,1,One year,super,961.7136552820964,No
990,64,157.39893732651535,41,2,Two year,premium,1273.2870695058552,No
991,33,92.27024209509732,20,3,Month-to-month,mobile,1052.5374682303384,No
992,19,114.72615226578164,13,3,Two year,free,853.8561250253456,Yes
993,69,37.22302661090931,42,2,Month-to-month,mobile,1055.7027648026283,No
994,52,53.16120105860431,28,3,Month-to-month,free,987.3948614453859,No
995,58,129.7982290463779,32,3,One year,super,826.1094483483037,Yes
996,32,68.64124728949947,39,4,One year,free,908.1765377509689,Yes
997,25,91.6660872366157,0,4,Month-to-month,free,1143.4734665730543,Yes
998,68,107.13721518200109,44,3,Month-to-month,free,1019.3306446869951,Yes
999,40,130.44724161793442,42,2,One year,free,913.5153192110354,Yes
1000,35,99.63438560052744,15,4,One year,super,1038.1954239250051,Yes
